<?xml version="1.0" encoding="UTF-8"?>
<root>
  <item name="com.auro.application.util.camera.CameraSource boolean canRecordVideo(int) 0">
    <annotation name="androidx.annotation.IntDef">
      <val name="value" val="{android.media.CamcorderProfile.QUALITY_LOW, android.media.CamcorderProfile.QUALITY_HIGH, android.media.CamcorderProfile.QUALITY_480P, android.media.CamcorderProfile.QUALITY_720P, android.media.CamcorderProfile.QUALITY_1080P, android.media.CamcorderProfile.QUALITY_2160P, android.media.CamcorderProfile.QUALITY_CIF, android.media.CamcorderProfile.QUALITY_QCIF, android.media.CamcorderProfile.QUALITY_QVGA}" />
    </annotation>
  </item>
  <item name="com.auro.application.util.camera.CameraSource boolean setFlashMode(java.lang.String) 0">
    <annotation name="androidx.annotation.StringDef">
      <val name="value" val="{android.hardware.Camera.Parameters.FLASH_MODE_ON, android.hardware.Camera.Parameters.FLASH_MODE_OFF, android.hardware.Camera.Parameters.FLASH_MODE_AUTO, android.hardware.Camera.Parameters.FLASH_MODE_RED_EYE, android.hardware.Camera.Parameters.FLASH_MODE_TORCH}" />
    </annotation>
  </item>
  <item name="com.auro.application.util.camera.CameraSource boolean setFocusMode(java.lang.String) 0">
    <annotation name="androidx.annotation.StringDef">
      <val name="value" val="{android.hardware.Camera.Parameters.FOCUS_MODE_CONTINUOUS_PICTURE, android.hardware.Camera.Parameters.FOCUS_MODE_CONTINUOUS_VIDEO, android.hardware.Camera.Parameters.FOCUS_MODE_AUTO, android.hardware.Camera.Parameters.FOCUS_MODE_EDOF, android.hardware.Camera.Parameters.FOCUS_MODE_FIXED, android.hardware.Camera.Parameters.FOCUS_MODE_INFINITY, android.hardware.Camera.Parameters.FOCUS_MODE_MACRO}" />
    </annotation>
  </item>
  <item name="com.auro.application.util.camera.CameraSource java.lang.String getFlashMode()">
    <annotation name="androidx.annotation.StringDef">
      <val name="value" val="{android.hardware.Camera.Parameters.FLASH_MODE_ON, android.hardware.Camera.Parameters.FLASH_MODE_OFF, android.hardware.Camera.Parameters.FLASH_MODE_AUTO, android.hardware.Camera.Parameters.FLASH_MODE_RED_EYE, android.hardware.Camera.Parameters.FLASH_MODE_TORCH}" />
    </annotation>
  </item>
  <item name="com.auro.application.util.camera.CameraSource java.lang.String getFocusMode()">
    <annotation name="androidx.annotation.StringDef">
      <val name="value" val="{android.hardware.Camera.Parameters.FOCUS_MODE_CONTINUOUS_PICTURE, android.hardware.Camera.Parameters.FOCUS_MODE_CONTINUOUS_VIDEO, android.hardware.Camera.Parameters.FOCUS_MODE_AUTO, android.hardware.Camera.Parameters.FOCUS_MODE_EDOF, android.hardware.Camera.Parameters.FOCUS_MODE_FIXED, android.hardware.Camera.Parameters.FOCUS_MODE_INFINITY, android.hardware.Camera.Parameters.FOCUS_MODE_MACRO}" />
    </annotation>
  </item>
  <item name="com.auro.application.util.camera.CameraSource.Builder com.auro.application.util.camera.CameraSource.Builder setFlashMode(java.lang.String) 0">
    <annotation name="androidx.annotation.StringDef">
      <val name="value" val="{android.hardware.Camera.Parameters.FLASH_MODE_ON, android.hardware.Camera.Parameters.FLASH_MODE_OFF, android.hardware.Camera.Parameters.FLASH_MODE_AUTO, android.hardware.Camera.Parameters.FLASH_MODE_RED_EYE, android.hardware.Camera.Parameters.FLASH_MODE_TORCH}" />
    </annotation>
  </item>
  <item name="com.auro.application.util.camera.CameraSource.Builder com.auro.application.util.camera.CameraSource.Builder setFocusMode(java.lang.String) 0">
    <annotation name="androidx.annotation.StringDef">
      <val name="value" val="{android.hardware.Camera.Parameters.FOCUS_MODE_CONTINUOUS_PICTURE, android.hardware.Camera.Parameters.FOCUS_MODE_CONTINUOUS_VIDEO, android.hardware.Camera.Parameters.FOCUS_MODE_AUTO, android.hardware.Camera.Parameters.FOCUS_MODE_EDOF, android.hardware.Camera.Parameters.FOCUS_MODE_FIXED, android.hardware.Camera.Parameters.FOCUS_MODE_INFINITY, android.hardware.Camera.Parameters.FOCUS_MODE_MACRO}" />
    </annotation>
  </item>
</root>

